{
    "train": {
        "mse": 0.2929807869074115,
        "rmse": 0.5412769964698403,
        "mae": 0.3915686476165939,
        "r2": 0.8478247789459873
    },
    "test": {
        "mse": 0.4088599881675969,
        "rmse": 0.6394216043954074,
        "mae": 0.501850525247906,
        "r2": 0.8109888017272806
    }
}