{"shap_values": [[-1.3606756532013289, -0.352038471299766], [0.45266949033756276, 0.4443869637725153], [-0.6023841393953763, -0.3133042823313066], [1.094282351918087, -0.710003759599013], [1.3080272242798492, 0.7210692655746086], [-1.2825462915776236, -0.6202235075168343], [-0.5881314564587553, -0.1973546760233252], [0.6495336047107042, 0.6670085524655274], [-1.1624313479812098, -0.5131268217975187], [0.14994956558766318, -0.29277317830558014], [0.597634126471778, -0.9215875438972533], [0.11785438613242549, -0.31272624450947484], [-0.16280071441596974, 0.3262109309740827], [-0.49104992438227413, -0.39317641389300145], [-1.297344122868546, -0.7304856327439753], [-0.39729556958702616, -0.329973329947915], [-0.6264636450232183, -0.2815539628107228], [1.2950869935125076, 0.6631150296378878], [-0.7928545778188285, -0.3065700114280809], [0.7721997154714332, 0.30242812456173773], [-1.3237304057223007, -0.36841015689076817], [1.7780219121725047, 0.8869817722872999], [-0.23648713720147044, 0.5589730745156015], [-0.3216187830498346, -0.177393976419551], [-0.5218702451573093, -0.39127186397512487], [0.5192939439081127, 0.41117066097816485], [-1.2412229139023825, -0.3638682279978845], [0.7380289272623901, 0.5631475356002978], [-1.3029064023680195, -0.762923528240679], [0.44633038688299104, 0.5468673393756504], [1.172404197556193, -0.23432699970789145], [0.19869498658842985, -0.27642535542454566], [0.20759269854498202, -0.3758740476774027], [1.362156072365881, 0.6936577661058955], [-1.1143331900524918, 0.4372192466154967], [0.43529740201966177, 0.33667267905909554]], "feature_names": ["gdc_mean_in", "gdh_mean_in"], "expected_value": 2.7721127761985054}